tweet_id,in_reply_to_status_id,in_reply_to_user_id,timestamp,source,text,expanded_urls,rating_numerator,rating_denominator,name,doggo,floofer,pupper,puppo,favorites,retweet_count,jpg_url,img_num,p1,p1_conf,p1_dog,p2,p2_conf,p2_dog,p3,p3_conf,p3_dog
863079547188785154,667152164079423488,4196983835.0,2017-05-12 17:12:53,http://twitter.com/download/iphone,"Ladies and gentlemen... I found Pipsy. He may have changed his name to Pablo, but he never changed his love for the sea. Pupgraded to 14/10 https://t.co/lVU5GyNFen",https://twitter.com/dog_rates/status/863079547188785154/photo/1,14,10,,0,0,0,0,8433,1048,https://pbs.twimg.com/media/C_pGRInUwAAmTY_.jpg,1,Lakeland_terrier,0.275242,True,Airedale,0.190569,True,teddy,0.102595,False
856526610513747968,855818117272018944,4196983835.0,2017-04-24 15:13:52,http://twitter.com/download/iphone,"THIS IS CHARLIE, MARK. HE DID JUST WANT TO SAY HI AFTER ALL. PUPGRADED TO A 14/10. WOULD BE AN HONOR TO FLY WITH https://t.co/p1hBHCmWnA",https://twitter.com/dog_rates/status/856526610513747968/photo/1,14,10,,0,0,0,0,11533,1804,https://pbs.twimg.com/media/C-L-aIYXgAIR0jY.jpg,1,Old_English_sheepdog,0.798481,True,Tibetan_terrier,0.0606024,True,standard_poodle,0.0407219,True
844979544864018432,759099523532779520,4196983835.0,2017-03-23 18:29:57,http://twitter.com/download/iphone,"PUPDATE: I'm proud to announce that Toby is 236 days sober. Pupgraded to a 13/10. We're all very proud of you, Toby https://t.co/a5OaJeRl9B","https://twitter.com/dog_rates/status/844979544864018432/photo/1,https://twitter.com/dog_rates/status/844979544864018432/photo/1,https://twitter.com/dog_rates/status/844979544864018432/photo/1",13,10,,0,0,0,0,13569,2539,https://pbs.twimg.com/media/C7n4aQ0VAAAohkL.jpg,3,tennis_ball,0.999281,False,racket,0.00037008,False,Shetland_sheepdog,0.000132068,True
802265048156610565,733109485275860992,4196983835.0,2016-11-25 21:37:47,http://twitter.com/download/iphone,"Like doggo, like pupper version 2. Both 11/10 https://t.co/9IxWAXFqze",https://twitter.com/dog_rates/status/802265048156610565/photo/1,11,10,,1,0,1,0,6927,1413,https://pbs.twimg.com/media/CyI3zXgWEAACQfB.jpg,1,Labrador_retriever,0.8971620000000001,True,beagle,0.016894799999999998,True,Rhodesian_ridgeback,0.0120606,True
746906459439529985,746885919387574272,4196983835.0,2016-06-26 03:22:31,http://twitter.com/download/iphone,"PUPDATE: can't see any. Even if I could, I couldn't reach them to pet. 0/10 much disappointment https://t.co/c7WXaB2nqX",https://twitter.com/dog_rates/status/746906459439529985/photo/1,0,10,,0,0,0,0,2904,298,https://pbs.twimg.com/media/Cl2LdofXEAATl7x.jpg,1,traffic_light,0.470708,False,fountain,0.199776,False,space_shuttle,0.064807,False
746818907684614144,691416866452082688,4196983835.0,2016-06-25 21:34:37,http://twitter.com/download/iphone,"Guys... Dog Jesus 2.0
13/10 buoyant af https://t.co/CuNA7OwfKQ",https://twitter.com/dog_rates/status/746818907684614144/photo/1,13,10,,0,0,0,0,5332,1743,https://pbs.twimg.com/media/Cl071YVWEAAlF7N.jpg,1,dingo,0.175518,False,timber_wolf,0.13364700000000002,False,Ibizan_hound,0.101537,True
729838605770891264,729113531270991872,4196983835.0,2016-05-10 01:00:58,http://twitter.com/download/iphone,"""Challenge completed"" 
(pupgraded to 12/10) https://t.co/85dTK7XCXB",https://twitter.com/dog_rates/status/729838605770891264/video/1,12,10,,0,0,0,0,1724,381,https://pbs.twimg.com/ext_tw_video_thumb/729838572744912896/pu/img/RIl-XYmRxW-YLFSV.jpg,1,stone_wall,0.7582180000000001,False,patio,0.07420539999999999,False,prison,0.013826,False
705786532653883392,703255935813287936,4196983835.0,2016-03-04 16:06:36,http://twitter.com/download/iphone,"Seriously, add us üê∂ 11/10 for sad wet pupper https://t.co/xwPE9faVZR",https://twitter.com/dog_rates/status/705786532653883392/photo/1,11,10,,0,0,1,0,1930,517,https://pbs.twimg.com/media/Cct1G6vVAAI9ZjF.jpg,1,web_site,0.550294,False,Labrador_retriever,0.14849600000000002,True,golden_retriever,0.148482,True
704871453724954624,667152164079423488,4196983835.0,2016-03-02 03:30:25,http://twitter.com/download/iphone,I found a forest Pipsy. 12/10 https://t.co/mIQ1KoVsmU,https://twitter.com/dog_rates/status/704871453724954624/photo/1,12,10,,0,0,0,0,4268,1113,https://pbs.twimg.com/media/Ccg02LiWEAAJHw1.jpg,1,Norfolk_terrier,0.689504,True,soft-coated_wheaten_terrier,0.10148,True,Norwich_terrier,0.0557785,True
703425003149250560,703041949650034688,4196983835.0,2016-02-27 03:42:44,http://twitter.com/download/iphone,"Really guys? Again? I know this is a rare Albanian Bingo Seal, but we only rate dogs. Only send in dogs... 9/10 https://t.co/6JYLpUmBrC",https://twitter.com/dog_rates/status/703425003149250560/photo/1,9,10,,0,0,0,0,3800,1361,https://pbs.twimg.com/media/CcMRSwUW8AAxxNC.jpg,1,miniature_pinscher,0.292866,True,sleeping_bag,0.142122,False,Italian_greyhound,0.070849,True
695767669421768709,675349384339542016,4196983835.0,2016-02-06 00:35:13,http://twitter.com/download/iphone,If you are aware of who is making these please let me know. 13/10 vroom vroom https://t.co/U0D1sbIDrG,https://twitter.com/dog_rates/status/695767669421768709/photo/1,13,10,,0,0,0,0,1863,746,https://pbs.twimg.com/media/CafdAWCW0AE3Igl.jpg,1,soft-coated_wheaten_terrier,0.805139,True,Lakeland_terrier,0.121662,True,Afghan_hound,0.0233025,True
694356675654983680,670668383499735040,4196983835.0,2016-02-02 03:08:26,http://twitter.com/download/iphone,"This pupper only appears through the hole of a Funyun. Much like Phineas, this one is also mysterious af. 10/10 https://t.co/SQsEBWxPyG",https://twitter.com/dog_rates/status/694356675654983680/photo/1,10,10,,0,0,1,0,1497,287,https://pbs.twimg.com/media/CaLZtmsWQAApbFw.jpg,1,hamster,0.429871,False,Pomeranian,0.144272,True,pretzel,0.12722,False
692142790915014657,692041934689402880,4196983835.0,2016-01-27 00:31:15,http://twitter.com/download/iphone,These are some pictures of Teddy that further justify his 13/10 rating. Please enjoy https://t.co/tDkJAnQsbQ,"https://twitter.com/dog_rates/status/692142790915014657/photo/1,https://twitter.com/dog_rates/status/692142790915014657/photo/1,https://twitter.com/dog_rates/status/692142790915014657/photo/1,https://twitter.com/dog_rates/status/692142790915014657/photo/1",13,10,,0,0,0,0,1646,394,https://pbs.twimg.com/media/CZr8LvyXEAABJ9k.jpg,3,toy_poodle,0.670068,True,teddy,0.190898,False,miniature_poodle,0.0321779,True
684538444857667585,684481074559381504,4196983835.0,2016-01-06 00:54:18,http://twitter.com/download/iphone,"After watching this video, we've determined that Pippa will be upgraded to a 12/10. Please enjoy https://t.co/IKoRK4yoxV",https://twitter.com/dog_rates/status/684538444857667585/video/1,12,10,,0,0,0,0,2647,947,https://pbs.twimg.com/ext_tw_video_thumb/684538367950872576/pu/img/kTKOkSU45BS-fpq8.jpg,1,Chihuahua,0.702583,True,Siamese_cat,0.0682181,False,macaque,0.0433246,False
684225744407494656,684222868335505408,4196983835.0,2016-01-05 04:11:44,http://twitter.com/download/iphone,"Two sneaky puppers were not initially seen, moving the rating to 143/130. Please forgive us. Thank you https://t.co/kRK51Y5ac3","https://twitter.com/dog_rates/status/684225744407494656/photo/1,https://twitter.com/dog_rates/status/684225744407494656/photo/1",143,130,,0,0,0,0,1231,208,https://pbs.twimg.com/media/CX7br3HWsAAQ9L1.jpg,2,golden_retriever,0.203249,True,Samoyed,0.06795810000000001,True,Great_Pyrenees,0.0653275,True
675870721063669760,675707330206547968,4196983835.0,2015-12-13 02:51:51,http://twitter.com/download/iphone,&amp; this is Yoshi. Another world record contender 11/10 (what the hell is happening why are there so many contenders?) https://t.co/QG708dDNH6,https://twitter.com/dog_rates/status/675870721063669760/photo/1,11,10,,0,0,0,0,1598,551,https://pbs.twimg.com/media/CWEs1b-WEAEhq82.jpg,1,golden_retriever,0.263892,True,Welsh_springer_spaniel,0.184193,True,beagle,0.182241,True
675707330206547968,675497103322386432,4196983835.0,2015-12-12 16:02:36,http://twitter.com/download/iphone,We've got ourselves a battle here. Watch out Reggie. 11/10 https://t.co/ALJvbtcwf0,https://twitter.com/dog_rates/status/675707330206547968/photo/1,11,10,,0,0,0,0,1937,667,https://pbs.twimg.com/media/CWCYOqWUAAARmGr.jpg,1,bath_towel,0.721933,False,Staffordshire_bullterrier,0.0593442,True,bagel,0.035701599999999986,False
675349384339542016,674999807681908736,4196983835.0,2015-12-11 16:20:15,http://twitter.com/download/iphone,Yea I lied. Here's more. All 13/10 https://t.co/ZQZf2U4xCP,"https://twitter.com/dog_rates/status/675349384339542016/photo/1,https://twitter.com/dog_rates/status/675349384339542016/photo/1,https://twitter.com/dog_rates/status/675349384339542016/photo/1,https://twitter.com/dog_rates/status/675349384339542016/photo/1",13,10,,0,0,0,0,3826,2211,https://pbs.twimg.com/media/CV9SrABU4AQI46z.jpg,3,borzoi,0.866367,True,Saluki,0.122079,True,Irish_wolfhound,0.00401972,True
674999807681908736,674793399141146624,4196983835.0,2015-12-10 17:11:09,http://twitter.com/download/iphone,Ok last one of these. I may try to make some myself. Anyway here ya go. 13/10 https://t.co/i9CDd1oEu8,https://twitter.com/dog_rates/status/674999807681908736/photo/1,13,10,,0,0,0,0,2188,1074,https://pbs.twimg.com/media/CV4UvgNUkAEEnZd.jpg,1,Rottweiler,0.591829,True,Doberman,0.204544,True,black-and-tan_coonhound,0.07860189999999999,True
674793399141146624,671729906628341760,4196983835.0,2015-12-10 03:30:58,http://twitter.com/download/iphone,I have found another. 13/10 https://t.co/HwroPYv8pY,https://twitter.com/dog_rates/status/674793399141146624/photo/1,13,10,,0,0,0,0,2450,1062,https://pbs.twimg.com/media/CV1ZA3oWEAA1HW_.jpg,1,giant_schnauzer,0.119693,True,Afghan_hound,0.0727627,True,miniature_schnauzer,0.0637859,True
674754018082705410,674752233200820224,4196983835.0,2015-12-10 00:54:28,http://twitter.com/download/iphone,Just received another perfect photo of dogs and the sunset. 12/10 https://t.co/9YmNcxA2Cc,https://twitter.com/dog_rates/status/674754018082705410/photo/1,12,10,,0,0,0,0,1332,431,https://pbs.twimg.com/media/CV01M3ZWIAAV7rv.jpg,1,seashore,0.352321,False,promontory,0.131753,False,wreck,0.0955967,False
671729906628341761,671561002136281088,4196983835.0,2015-12-01 16:37:44,http://twitter.com/download/iphone,I'm just going to leave this one here as well. 13/10 https://t.co/DaD5SyajWt,https://twitter.com/dog_rates/status/671729906628341761/photo/1,13,10,,0,0,0,0,8214,4184,https://pbs.twimg.com/media/CVJ2yR2UwAAdCzU.jpg,1,kuvasz,0.431469,True,Samoyed,0.117122,True,white_wolf,0.09006660000000001,False
669353438988365824,667806454573760512,4196983835.0,2015-11-25 03:14:30,http://twitter.com/download/iphone,This is Tessa. She is also very pleased after finally meeting her biological father. 10/10 https://t.co/qDS1aCqppv,https://twitter.com/dog_rates/status/669353438988365824/photo/1,10,10,Tessa,0,0,0,0,605,251,https://pbs.twimg.com/media/CUoFZTyW4AE70iD.jpg,1,teddy,0.379656,False,Pembroke,0.212343,True,chow,0.0969953,True
